0,-1.3333333333333712
1,-2.0
2,-2.3333333333333712
3,-2.0
4,-1.3333333333333712
5,-1.0
6,-1.0
7,-1.3333333333333712
8,-1.3333333333333712
9,-1.6666666666667425
10,-1.3333333333333712
11,-1.6666666666667425
12,-1.6666666666667425
13,-2.6666666666667425
14,-2.6666666666667425
15,-2.3333333333333712
16,-1.6666666666667425
17,-1.0
18,-1.0
19,-0.33333333333337123
20,0.0
21,0.33333333333325754
22,-0.33333333333337123
23,-0.33333333333337123
24,-0.6666666666667425
25,-0.6666666666667425
26,-0.6666666666667425
27,-0.6666666666667425
28,0.0
29,-0.33333333333337123
30,0.33333333333325754
31,0.33333333333325754
32,-0.33333333333337123
33,-1.3333333333333712
34,-1.0
35,-0.33333333333337123
36,-0.6666666666667425
37,-1.6666666666667425
38,-2.3333333333333712
39,-1.6666666666667425
40,-0.6666666666667425
41,0.33333333333325754
42,1.0
43,1.0
44,1.0
45,1.3333333333332575
46,2.0
47,2.3333333333332575
48,2.0
49,0.33333333333325754
50,-0.33333333333337123
51,-0.6666666666667425
52,0.6666666666666288
53,1.3333333333332575
54,1.0
55,1.0
56,0.33333333333325754
57,0.6666666666666288
58,0.6666666666666288
59,1.6666666666666288
60,1.3333333333332575
61,0.0
62,-1.3333333333333712
63,-1.3333333333333712
64,0.0
65,1.0
66,0.6666666666666288
67,-0.6666666666667425
68,-2.0
69,-2.0
70,-1.0
71,0.6666666666666288
72,0.6666666666666288
73,-0.33333333333337123
74,-1.0
75,0.0
76,1.3333333333332575
77,1.3333333333332575
78,0.6666666666666288
79,-0.33333333333337123
80,-0.6666666666667425
81,-0.6666666666667425
82,0.0
83,0.33333333333325754
84,0.0
85,-1.0
86,-1.0
87,-0.33333333333337123
88,0.6666666666666288
89,0.33333333333325754
90,-0.33333333333337123
91,-1.0
92,-1.3333333333333712
93,-1.3333333333333712
94,-0.33333333333337123
95,0.0
96,0.33333333333325754
97,-1.0
98,-0.6666666666667425
99,-0.6666666666667425
100,0.33333333333325754
101,0.0
102,-0.33333333333337123
103,-1.3333333333333712
104,-1.6666666666667425
105,-1.3333333333333712
106,0.33333333333325754
107,1.3333333333332575
108,1.6666666666666288
109,0.6666666666666288
110,0.0
111,0.6666666666666288
112,1.3333333333332575
113,0.6666666666666288
114,-0.6666666666667425
115,-2.0
116,-2.0
117,-2.3333333333333712
118,-1.0
119,1.3333333333332575
120,1.6666666666666288
121,0.6666666666666288
122,-1.3333333333333712
123,-1.0
124,0.0
125,1.6666666666666288
126,1.0
127,-0.33333333333337123
128,-2.3333333333333712
129,-1.6666666666667425
130,-0.33333333333337123
131,0.33333333333325754
132,-0.33333333333337123
133,-1.6666666666667425
134,-2.0
135,-1.6666666666667425
136,-0.33333333333337123
137,0.0
138,0.6666666666666288
139,0.0
140,-0.33333333333337123
141,-0.33333333333337123
142,0.33333333333325754
143,1.0
144,0.6666666666666288
145,-1.0
146,-1.6666666666667425
147,-1.6666666666667425
148,-0.6666666666667425
149,-0.6666666666667425
150,-1.0
151,-1.0
152,-1.3333333333333712
153,-1.3333333333333712
154,-1.3333333333333712
155,-1.0
156,-0.6666666666667425
157,-1.0
158,-1.3333333333333712
159,-1.6666666666667425
160,-1.0
161,0.0
162,0.0
163,-0.6666666666667425
164,-1.6666666666667425
165,-1.6666666666667425
166,-1.0
167,-0.33333333333337123
168,-0.33333333333337123
169,-1.3333333333333712
170,-1.0
171,-0.6666666666667425
172,0.6666666666666288
173,0.6666666666666288
174,1.6666666666666288
175,1.0
176,0.33333333333325754
177,-1.0
178,-1.0
179,-1.3333333333333712
180,-1.0
181,-1.6666666666667425
182,-1.6666666666667425
183,-1.0
184,0.33333333333325754
185,1.0
186,0.0
187,-1.3333333333333712
188,-2.0
189,-1.3333333333333712
190,-1.0
191,0.6666666666666288
192,0.33333333333325754
193,-0.33333333333337123
194,-1.3333333333333712
195,-2.3333333333333712
196,-1.6666666666667425
197,-1.6666666666667425
198,-0.33333333333337123
199,0.0
200,0.0
201,-0.6666666666667425
202,0.0
203,0.33333333333325754
204,1.3333333333332575
205,1.0
206,0.33333333333325754
207,0.6666666666666288
208,0.6666666666666288
209,1.0
210,0.33333333333325754
211,0.0
212,-0.33333333333337123
213,0.0
214,1.0
215,1.3333333333332575
216,1.0
217,0.0
218,-1.0
219,-0.6666666666667425
220,0.0
221,1.6666666666666288
222,2.0
223,1.3333333333332575
224,-0.33333333333337123
225,-0.6666666666667425
226,0.0
227,1.0
228,0.33333333333325754
229,0.0
230,-1.0
231,-1.0
232,-2.0
233,-2.6666666666667425
234,-2.6666666666667425
235,-2.3333333333333712
236,-1.3333333333333712
237,-1.3333333333333712
238,-1.3333333333333712
239,-1.3333333333333712
240,-1.6666666666667425
241,-1.6666666666667425
242,-1.3333333333333712
243,-1.0
244,-1.3333333333333712
245,-1.3333333333333712
246,-1.6666666666667425
247,-1.3333333333333712
248,-2.3333333333333712
249,-2.3333333333333712
250,-2.3333333333333712
251,-1.3333333333333712
252,-1.0
253,-1.3333333333333712
254,-1.3333333333333712
255,-1.6666666666667425
256,-1.6666666666667425
257,-1.6666666666667425
258,-1.6666666666667425
259,-1.6666666666667425
260,-1.6666666666667425
261,-1.3333333333333712
262,-1.3333333333333712
263,-1.6666666666667425
264,-1.6666666666667425
265,-1.6666666666667425
266,-1.6666666666667425
267,-2.3333333333333712
268,-2.6666666666667425
269,-3.0
270,-2.6666666666667425
271,-2.6666666666667425
272,-2.6666666666667425
273,-3.0
274,-3.0
275,-2.6666666666667425
276,-2.3333333333333712
277,-2.0
278,-2.3333333333333712
279,-2.6666666666667425
280,-2.6666666666667425
281,-2.6666666666667425
282,-2.3333333333333712
283,-2.3333333333333712
284,-2.3333333333333712
285,-2.3333333333333712
286,-2.3333333333333712
287,-2.0
288,-2.0
289,-2.3333333333333712
290,-2.3333333333333712
291,-2.6666666666667425
292,-2.3333333333333712
293,-2.6666666666667425
294,-2.3333333333333712
295,-2.3333333333333712
296,-2.0
297,-2.3333333333333712
298,-2.6666666666667425
299,-2.3333333333333712
300,-2.0
301,-1.0
302,-1.3333333333333712
303,-1.6666666666667425
304,-2.6666666666667425
305,-2.0
306,-2.0
307,-2.0
308,-3.0
309,-3.0
310,-3.0
311,-3.0
312,-2.6666666666667425
313,-2.6666666666667425
314,-2.3333333333333712
315,-2.3333333333333712
316,-2.0
317,-2.3333333333333712
318,-1.6666666666667425
319,-1.6666666666667425
320,-1.6666666666667425
321,-2.6666666666667425
322,-3.0
323,-3.0
324,-2.6666666666667425
325,-2.3333333333333712
326,-2.0
327,-2.0
328,-2.0
329,-2.3333333333333712
330,-2.3333333333333712
331,-2.0
332,-2.0
333,-2.0
334,-2.3333333333333712
335,-2.0
336,-2.0
337,-2.3333333333333712
338,-2.3333333333333712
339,-2.0
340,-1.6666666666667425
341,-1.6666666666667425
342,-1.6666666666667425
343,-1.3333333333333712
344,-1.3333333333333712
345,-1.6666666666667425
346,-2.0
347,-2.0
348,-2.0
349,-2.0
350,-2.0
351,-2.0
352,-2.0
353,-2.3333333333333712
354,-3.3333333333333712
355,-3.3333333333333712
356,-3.3333333333333712
357,-2.3333333333333712
358,-3.3333333333333712
359,-3.0
360,-3.3333333333333712
361,-2.3333333333333712
362,-2.6666666666667425
363,-2.3333333333333712
364,-2.6666666666667425
365,-2.3333333333333712
366,-2.3333333333333712
367,-2.3333333333333712
368,-2.6666666666667425
369,-3.0
370,-2.6666666666667425
371,-2.6666666666667425
372,-2.3333333333333712
373,-1.6666666666667425
374,-1.6666666666667425
375,-2.0
376,-2.6666666666667425
377,-2.3333333333333712
378,-2.3333333333333712
379,-2.3333333333333712
380,-2.3333333333333712
381,-2.3333333333333712
382,-2.3333333333333712
383,-2.3333333333333712
384,-2.3333333333333712
385,-2.3333333333333712
386,-2.3333333333333712
387,-2.0
388,-2.3333333333333712
389,-2.3333333333333712
390,-2.3333333333333712
391,-2.3333333333333712
392,-1.6666666666667425
393,-2.0
394,-1.6666666666667425
395,-2.3333333333333712
396,-2.3333333333333712
397,-2.3333333333333712
398,-2.0
399,-1.6666666666667425
400,-2.0
401,-3.0
402,-3.3333333333333712
403,-3.0
404,-2.3333333333333712
405,-2.0
406,-2.3333333333333712
407,-3.0
408,-3.3333333333333712
409,-3.3333333333333712
410,-2.6666666666667425
411,-2.0
412,-1.6666666666667425
413,-1.3333333333333712
414,-1.3333333333333712
415,-0.33333333333337123
416,2.6666666666666288
417,5.666666666666629
418,12.0
419,15.666666666666629
420,21.66666666666663
421,24.66666666666663
422,28.0
423,29.333333333333258
424,31.0
425,32.33333333333326
426,33.0
427,32.66666666666663
428,30.66666666666663
429,29.333333333333258
430,27.0
431,26.66666666666663
432,25.0
433,24.0
434,19.333333333333258
435,15.666666666666629
436,10.666666666666629
437,10.333333333333258
438,6.666666666666629
439,4.666666666666629
440,0.6666666666666288
441,0.0
442,-2.6666666666667425
443,-2.6666666666667425
444,-4.6666666666667425
445,-5.6666666666667425
446,-8.666666666666742
447,-9.666666666666742
448,-10.333333333333371
449,-9.333333333333371
450,-9.666666666666742
451,-10.0
452,-10.0
453,-9.333333333333371
454,-8.0
455,-7.0
456,-6.333333333333371
457,-4.0
458,-3.0
459,-0.6666666666667425
460,0.0
461,1.3333333333332575
462,2.0
463,2.3333333333332575
464,1.0
465,-0.33333333333337123
466,-1.0
467,0.6666666666666288
468,1.0
469,0.6666666666666288
470,-1.0
471,-0.6666666666667425
472,-0.33333333333337123
473,1.6666666666666288
474,1.0
475,1.0
476,0.0
477,1.6666666666666288
478,2.6666666666666288
479,4.0
480,2.0
481,0.33333333333325754
482,-0.33333333333337123
483,0.6666666666666288
484,2.0
485,2.3333333333332575
486,1.6666666666666288
487,1.6666666666666288
488,0.6666666666666288
489,4.3333333333332575
490,6.3333333333332575
491,9.0
492,9.0
493,9.666666666666629
494,10.333333333333258
495,10.666666666666629
496,9.0
497,8.0
498,8.0
499,9.666666666666629
500,8.666666666666629
501,7.3333333333332575
502,6.0
503,6.666666666666629
504,7.3333333333332575
505,7.666666666666629
506,5.666666666666629
507,5.666666666666629
508,4.666666666666629
509,6.0
510,4.666666666666629
511,4.0
512,2.6666666666666288
513,0.6666666666666288
514,-0.33333333333337123
515,0.0
516,1.0
517,2.0
518,0.6666666666666288
519,-1.0
520,-2.3333333333333712
521,-1.0
522,1.0
523,2.6666666666666288
524,1.0
525,0.6666666666666288
526,0.6666666666666288
527,2.0
528,1.3333333333332575
529,0.33333333333325754
530,-1.3333333333333712
531,-1.6666666666667425
532,0.0
533,1.0
534,2.3333333333332575
535,1.3333333333332575
536,1.0
537,-0.33333333333337123
538,0.0
539,1.0
540,2.3333333333332575
541,2.3333333333332575
542,1.3333333333332575
543,0.33333333333325754
544,0.33333333333325754
545,2.3333333333332575
546,3.6666666666666288
547,3.0
548,1.0
549,-0.33333333333337123
550,1.6666666666666288
551,3.6666666666666288
552,4.666666666666629
553,4.666666666666629
554,4.0
555,4.3333333333332575
556,2.6666666666666288
557,3.6666666666666288
558,4.3333333333332575
559,5.666666666666629
560,3.0
561,1.0
562,-0.33333333333337123
563,1.6666666666666288
564,2.6666666666666288
565,1.0
566,-3.0
567,-8.0
568,-10.666666666666742
569,-13.333333333333371
570,-14.333333333333371
571,-16.33333333333337
572,-17.0
573,-18.33333333333337
574,-18.666666666666742
575,-18.0
576,-16.33333333333337
577,-15.666666666666742
578,-15.666666666666742
579,-14.666666666666742
580,-13.666666666666742
581,-11.666666666666742
582,-10.666666666666742
583,-9.0
584,-8.0
585,-5.6666666666667425
586,-4.333333333333371
587,-1.6666666666667425
588,-1.3333333333333712
589,1.0
590,1.6666666666666288
591,4.0
592,2.6666666666666288
593,3.3333333333332575
594,3.0
595,5.0
596,5.3333333333332575
597,4.666666666666629
598,5.666666666666629
599,5.3333333333332575
600,6.3333333333332575
601,5.3333333333332575
602,5.3333333333332575
603,4.0
604,4.3333333333332575
605,3.6666666666666288
606,3.6666666666666288
607,2.3333333333332575
608,2.6666666666666288
609,1.6666666666666288
610,1.6666666666666288
611,0.33333333333325754
612,0.6666666666666288
613,0.33333333333325754
614,0.33333333333325754
615,-0.33333333333337123
616,-0.33333333333337123
617,1.0
618,2.3333333333332575
619,2.6666666666666288
620,2.0
621,1.0
622,1.0
623,1.0
624,1.3333333333332575
625,1.0
626,0.6666666666666288
627,-0.33333333333337123
628,-0.33333333333337123
629,-0.6666666666667425
630,1.0
631,-0.33333333333337123
632,0.0
633,-1.3333333333333712
634,0.0
635,0.0
636,0.6666666666666288
637,0.0
638,-0.33333333333337123
639,-1.0
640,-0.33333333333337123
641,0.0
642,1.0
643,0.33333333333325754
644,1.0
645,1.0
646,4.0
647,5.666666666666629
648,10.0
649,11.666666666666629
650,13.666666666666629
651,13.0
652,13.666666666666629
653,13.666666666666629
654,14.333333333333258
655,14.666666666666629
656,13.666666666666629
657,11.666666666666629
658,10.0
659,9.0
660,8.666666666666629
661,6.666666666666629
662,6.666666666666629
663,4.3333333333332575
664,4.3333333333332575
665,2.0
666,2.0
667,0.33333333333325754
668,0.0
669,-1.6666666666667425
670,-2.6666666666667425
671,-4.0
672,-3.6666666666667425
673,-3.6666666666667425
674,-3.3333333333333712
675,-4.333333333333371
676,-4.6666666666667425
677,-5.0
678,-4.6666666666667425
679,-4.6666666666667425
680,-4.333333333333371
681,-3.3333333333333712
682,-3.3333333333333712
683,-2.0
684,-0.6666666666667425
685,0.33333333333325754
686,-0.33333333333337123
687,-0.33333333333337123
688,0.6666666666666288
689,1.3333333333332575
690,1.0
691,0.0
692,0.0
693,-0.6666666666667425
694,0.33333333333325754
695,0.0
696,0.6666666666666288
697,-0.33333333333337123
698,-0.33333333333337123
699,-1.3333333333333712
700,-0.6666666666667425
701,-0.6666666666667425
702,0.33333333333325754
703,0.0
704,0.0
705,0.6666666666666288
706,0.6666666666666288
707,0.33333333333325754
708,-1.3333333333333712
709,-1.3333333333333712
710,-1.0
711,-0.6666666666667425
712,-0.33333333333337123
713,0.6666666666666288
714,1.6666666666666288
715,2.0
716,1.6666666666666288
717,1.0
718,0.6666666666666288
719,0.33333333333325754
720,1.0
721,1.0
722,0.0
723,0.33333333333325754
724,0.6666666666666288
725,1.6666666666666288
726,2.3333333333332575
727,1.0
728,0.0
729,-0.33333333333337123
730,0.33333333333325754
731,1.6666666666666288
732,1.0
733,1.3333333333332575
734,0.0
735,1.0
736,1.0
737,2.3333333333332575
738,1.3333333333332575
739,0.0
740,-1.0
741,-1.3333333333333712
742,0.0
743,1.0
744,1.3333333333332575
745,0.6666666666666288
746,-0.33333333333337123
747,-1.3333333333333712
748,-1.3333333333333712
749,-1.6666666666667425
750,-1.0
751,-1.0
752,-0.6666666666667425
753,-1.0
754,-1.0
755,-1.3333333333333712
756,-1.3333333333333712
757,-1.3333333333333712
758,-1.0
759,-0.6666666666667425
760,-1.0
761,-1.0
762,-1.3333333333333712
763,-1.0
764,-1.0
765,-1.0
766,-1.0
767,-1.0
768,-1.3333333333333712
769,-1.3333333333333712
770,-1.6666666666667425
771,-1.0
772,-1.0
773,-1.0
774,-1.3333333333333712
775,-2.0
776,-1.6666666666667425
777,-1.6666666666667425
778,-0.6666666666667425
779,-0.33333333333337123
780,-0.33333333333337123
781,-0.6666666666667425
782,-1.0
783,-1.3333333333333712
784,-1.0
785,-0.6666666666667425
786,-0.33333333333337123
787,-0.6666666666667425
788,-1.0
789,-1.0
790,-1.0
791,-0.6666666666667425
792,-0.6666666666667425
793,-0.6666666666667425
794,-1.0
795,-0.6666666666667425
796,-0.6666666666667425
797,-0.6666666666667425
798,-1.3333333333333712
799,-1.6666666666667425
800,-1.6666666666667425
801,-1.6666666666667425
802,-1.3333333333333712
803,-0.6666666666667425
804,0.0
805,0.0
806,-0.6666666666667425
807,-1.0
808,-1.0
809,-1.0
810,-0.6666666666667425
811,-1.0
812,-1.3333333333333712
813,-1.0
814,-0.33333333333337123
815,0.0
816,-0.6666666666667425
817,-1.0
818,-1.0
819,-1.3333333333333712
820,-1.0
821,-0.6666666666667425
822,-0.33333333333337123
823,-0.33333333333337123
824,-0.6666666666667425
825,-0.6666666666667425
826,-1.0
827,-1.0
828,-1.0
829,-1.0
830,-1.0
831,-1.0
832,-0.33333333333337123
833,0.0
834,0.0
835,-0.6666666666667425
836,-0.6666666666667425
837,-0.6666666666667425
838,-0.6666666666667425
839,-0.6666666666667425
840,-0.6666666666667425
841,-0.6666666666667425
842,-0.6666666666667425
843,-0.6666666666667425
844,-0.6666666666667425
845,-0.6666666666667425
846,-0.6666666666667425
847,-1.0
848,-1.3333333333333712
849,-1.3333333333333712
850,-1.0
851,-1.6666666666667425
852,-1.6666666666667425
853,-1.6666666666667425
854,-0.6666666666667425
855,-0.33333333333337123
856,-0.33333333333337123
857,-0.6666666666667425
858,-0.6666666666667425
859,-0.33333333333337123
860,-0.6666666666667425
861,-1.3333333333333712
862,-2.0
863,-2.0
864,-2.0
865,-2.0
866,-2.0
867,-2.0
868,-2.0
869,-2.0
870,-2.0
871,-1.6666666666667425
872,-1.6666666666667425
873,-1.6666666666667425
874,-1.6666666666667425
875,-1.6666666666667425
876,-1.6666666666667425
877,-1.6666666666667425
878,-1.6666666666667425
879,-2.3333333333333712
880,-3.0
881,-3.0
882,-2.6666666666667425
883,-2.6666666666667425
884,-2.6666666666667425
885,-2.0
886,-2.0
887,-2.0
888,-2.3333333333333712
889,-2.3333333333333712
890,-2.6666666666667425
891,-2.6666666666667425
892,-2.3333333333333712
893,-2.0
894,-2.0
895,-2.3333333333333712
896,-2.6666666666667425
897,-2.3333333333333712
898,-2.3333333333333712
899,-1.6666666666667425
900,-2.6666666666667425
901,-2.6666666666667425
902,-3.3333333333333712
903,-2.6666666666667425
904,-3.3333333333333712
905,-3.3333333333333712
906,-3.6666666666667425
907,-3.0
908,-2.6666666666667425
909,-2.3333333333333712
910,-2.0
911,-2.3333333333333712
912,-2.6666666666667425
913,-2.6666666666667425
914,-2.3333333333333712
915,-2.0
916,-2.0
917,-2.3333333333333712
918,-2.6666666666667425
919,-3.6666666666667425
920,-3.3333333333333712
921,-3.3333333333333712
922,-2.6666666666667425
923,-2.6666666666667425
924,-2.6666666666667425
925,-2.3333333333333712
926,-2.3333333333333712
927,-2.0
928,-2.3333333333333712
929,-2.3333333333333712
930,-2.6666666666667425
931,-2.0
932,-1.3333333333333712
933,-0.6666666666667425
934,-0.33333333333337123
935,-0.33333333333337123
936,0.33333333333325754
937,0.33333333333325754
938,1.3333333333332575
939,2.0
940,2.3333333333332575
941,2.3333333333332575
942,2.0
943,2.6666666666666288
944,2.3333333333332575
945,1.6666666666666288
946,0.6666666666666288
947,-0.6666666666667425
948,-1.0
949,0.33333333333325754
950,0.6666666666666288
951,0.33333333333325754
952,-1.6666666666667425
953,-2.0
954,-2.0
955,-2.3333333333333712
956,-4.6666666666667425
957,-8.0
958,-11.666666666666742
959,-13.666666666666742
960,-15.333333333333371
961,-15.333333333333371
962,-16.0
963,-16.33333333333337
964,-17.0
965,-17.0
966,-16.0
967,-15.0
968,-12.666666666666742
969,-11.666666666666742
970,-10.333333333333371
971,-10.0
972,-8.333333333333371
973,-6.6666666666667425
974,-4.333333333333371
975,-4.333333333333371
976,-4.0
977,-4.333333333333371
978,-2.3333333333333712
979,-0.6666666666667425
980,2.3333333333332575
981,4.0
982,4.0
983,2.6666666666666288
984,2.0
985,3.0
986,4.3333333333332575
987,4.666666666666629
988,4.0
989,3.6666666666666288
990,3.6666666666666288
991,4.3333333333332575
992,4.3333333333332575
993,4.0
994,3.3333333333332575
995,2.0
996,1.3333333333332575
997,1.0
998,1.3333333333332575
999,1.0
1000,0.33333333333325754
1001,-0.33333333333337123
1002,0.0
1003,0.6666666666666288
1004,1.0
1005,0.6666666666666288
1006,0.0
1007,-1.0
1008,-1.3333333333333712
1009,-1.3333333333333712
1010,-1.0
1011,-1.0
1012,-1.6666666666667425
1013,-1.0
1014,0.33333333333325754
1015,1.3333333333332575
1016,1.0
1017,-0.33333333333337123
1018,-1.0
1019,-1.3333333333333712
1020,-1.3333333333333712
1021,-1.0
1022,0.33333333333325754
1023,0.33333333333325754
1024,-0.33333333333337123
1025,-1.6666666666667425
1026,-2.3333333333333712
1027,-3.3333333333333712
1028,-6.0
1029,-9.333333333333371
1030,-13.333333333333371
1031,-15.666666666666742
1032,-16.33333333333337
1033,-16.0
1034,-16.33333333333337
1035,-17.33333333333337
1036,-18.0
1037,-18.666666666666742
1038,-18.0
1039,-17.666666666666742
1040,-16.0
1041,-15.666666666666742
1042,-14.333333333333371
1043,-14.0
1044,-11.666666666666742
1045,-9.666666666666742
1046,-6.333333333333371
1047,-5.333333333333371
1048,-4.333333333333371
1049,-4.333333333333371
1050,-2.6666666666667425
1051,-0.6666666666667425
1052,1.3333333333332575
1053,3.3333333333332575
1054,3.6666666666666288
1055,3.3333333333332575
1056,3.0
1057,4.0
1058,5.0
1059,4.666666666666629
1060,4.3333333333332575
1061,4.0
1062,4.3333333333332575
1063,4.3333333333332575
1064,5.3333333333332575
1065,5.3333333333332575
1066,4.666666666666629
1067,3.3333333333332575
1068,2.3333333333332575
1069,2.6666666666666288
1070,2.3333333333332575
1071,1.3333333333332575
1072,-0.6666666666667425
1073,-1.6666666666667425
1074,-1.6666666666667425
1075,-0.6666666666667425
1076,0.33333333333325754
1077,1.3333333333332575
1078,0.6666666666666288
1079,-0.33333333333337123
1080,-1.0
1081,-0.33333333333337123
1082,0.0
1083,0.0
1084,-1.0
1085,-1.3333333333333712
1086,-1.3333333333333712
1087,0.0
1088,0.33333333333325754
1089,0.33333333333325754
1090,-1.6666666666667425
1091,-1.3333333333333712
1092,-1.3333333333333712
1093,0.33333333333325754
1094,0.0
1095,0.6666666666666288
1096,0.6666666666666288
1097,0.6666666666666288
1098,0.0
1099,0.6666666666666288
1100,1.0
1101,2.0
1102,1.0
1103,-0.33333333333337123
1104,-1.6666666666667425
1105,-1.3333333333333712
1106,-0.33333333333337123
1107,0.33333333333325754
1108,-0.6666666666667425
1109,-0.6666666666667425
1110,-2.0
1111,-1.6666666666667425
1112,-2.3333333333333712
1113,-1.3333333333333712
1114,-2.3333333333333712
1115,-2.3333333333333712
1116,-3.3333333333333712
1117,-2.3333333333333712
1118,-2.3333333333333712
1119,-2.3333333333333712
1120,-2.6666666666667425
1121,-3.0
1122,-2.6666666666667425
1123,-2.0
1124,-1.3333333333333712
1125,-1.3333333333333712
1126,-2.0
1127,-2.3333333333333712
1128,-1.0
1129,0.33333333333325754
1130,1.6666666666666288
1131,1.0
1132,0.33333333333325754
1133,-0.33333333333337123
1134,0.33333333333325754
1135,-0.33333333333337123
1136,-0.33333333333337123
1137,-0.33333333333337123
1138,1.0
1139,1.6666666666666288
1140,2.0
1141,2.0
1142,1.3333333333332575
1143,1.6666666666666288
1144,2.0
1145,1.3333333333332575
1146,0.6666666666666288
1147,0.0
1148,0.6666666666666288
1149,1.6666666666666288
1150,1.3333333333332575
1151,1.6666666666666288
1152,0.6666666666666288
1153,1.0
1154,1.3333333333332575
1155,1.0
1156,0.0
1157,-0.6666666666667425
1158,-0.6666666666667425
1159,0.33333333333325754
1160,1.6666666666666288
1161,2.3333333333332575
1162,2.6666666666666288
1163,2.0
1164,2.0
1165,1.0
1166,1.0
1167,0.0
1168,0.33333333333325754
1169,0.0
1170,0.33333333333325754
1171,-0.6666666666667425
1172,-0.33333333333337123
1173,0.0
1174,1.0
1175,0.33333333333325754
1176,-1.0
1177,-1.6666666666667425
1178,-1.3333333333333712
1179,0.0
1180,1.0
1181,0.6666666666666288
1182,-0.33333333333337123
1183,-1.3333333333333712
1184,-1.0
1185,0.33333333333325754
1186,0.6666666666666288
1187,0.33333333333325754
1188,-0.33333333333337123
1189,-1.0
1190,-1.0
1191,0.0
1192,2.0
1193,3.0
1194,2.0
1195,1.0
1196,0.6666666666666288
1197,1.0
1198,1.6666666666666288
1199,0.33333333333325754
1200,-1.0
1201,-2.3333333333333712
1202,-1.6666666666667425
1203,-0.6666666666667425
1204,0.33333333333325754
1205,1.0
1206,0.0
1207,-1.0
1208,-1.3333333333333712
1209,-0.33333333333337123
1210,0.6666666666666288
1211,1.0
1212,0.0
1213,-0.33333333333337123
1214,-0.6666666666667425
1215,0.0
1216,-0.33333333333337123
1217,-0.33333333333337123
1218,0.33333333333325754
1219,1.0
1220,1.0
1221,0.6666666666666288
1222,0.33333333333325754
1223,0.0
1224,1.3333333333332575
1225,1.3333333333332575
1226,2.0
1227,1.0
1228,1.3333333333332575
1229,1.3333333333332575
1230,1.0
1231,-0.33333333333337123
1232,-0.6666666666667425
1233,-0.33333333333337123
1234,0.6666666666666288
1235,0.33333333333325754
1236,-0.6666666666667425
1237,-0.33333333333337123
1238,-0.6666666666667425
1239,-0.33333333333337123
1240,-0.6666666666667425
1241,-1.0
1242,-1.0
1243,-0.6666666666667425
1244,0.0
1245,0.33333333333325754
1246,0.0
1247,-1.0
1248,-1.6666666666667425
1249,-1.6666666666667425
1250,-0.6666666666667425
1251,-1.6666666666667425
1252,-2.0
1253,-2.0
1254,-0.6666666666667425
1255,-0.33333333333337123
1256,-1.0
1257,-0.33333333333337123
1258,-0.33333333333337123
1259,0.33333333333325754
1260,0.33333333333325754
1261,0.33333333333325754
1262,0.0
1263,-0.6666666666667425
1264,-0.6666666666667425
1265,-0.33333333333337123
1266,-1.0
1267,-1.6666666666667425
1268,-2.3333333333333712
1269,-2.0
1270,-2.3333333333333712
1271,-2.6666666666667425
1272,-2.6666666666667425
1273,-2.0
1274,-1.0
1275,-1.0
1276,-1.0
1277,-1.3333333333333712
1278,-1.3333333333333712
1279,-1.3333333333333712
1280,-1.6666666666667425
1281,-1.6666666666667425
1282,-1.6666666666667425
1283,-1.3333333333333712
1284,-1.3333333333333712
1285,-2.3333333333333712
1286,-2.6666666666667425
1287,-2.6666666666667425
1288,-2.3333333333333712
1289,-2.3333333333333712
1290,-2.3333333333333712
1291,-2.0
1292,-2.0
1293,-2.0
1294,-2.3333333333333712
1295,-2.3333333333333712
1296,-2.3333333333333712
1297,-2.0
1298,-2.3333333333333712
1299,-2.3333333333333712
1300,-2.6666666666667425
1301,-2.3333333333333712
1302,-2.6666666666667425
1303,-2.6666666666667425
1304,-3.3333333333333712
1305,-3.0
1306,-2.6666666666667425
1307,-2.0
1308,-2.0
1309,-2.0
1310,-2.0
1311,-2.0
1312,-2.3333333333333712
1313,-2.6666666666667425
1314,-2.6666666666667425
1315,-2.3333333333333712
1316,-2.0
1317,-2.3333333333333712
1318,-2.6666666666667425
1319,-3.6666666666667425
1320,-3.6666666666667425
1321,-3.0
1322,-2.0
1323,-2.3333333333333712
1324,-3.0
1325,-3.3333333333333712
1326,-3.0
1327,-2.6666666666667425
1328,-2.3333333333333712
1329,-2.0
1330,-2.0
1331,-2.0
1332,-2.0
1333,-2.3333333333333712
1334,-2.6666666666667425
1335,-3.0
1336,-3.0
1337,-3.0
1338,-2.6666666666667425
1339,-2.6666666666667425
1340,-2.3333333333333712
1341,-2.6666666666667425
1342,-2.6666666666667425
1343,-2.6666666666667425
1344,-2.6666666666667425
1345,-2.6666666666667425
1346,-2.6666666666667425
1347,-2.3333333333333712
1348,-2.3333333333333712
1349,-2.6666666666667425
1350,-2.6666666666667425
1351,-2.3333333333333712
1352,-2.3333333333333712
1353,-2.3333333333333712
1354,-2.6666666666667425
1355,-2.3333333333333712
1356,-2.3333333333333712
1357,-2.6666666666667425
1358,-3.0
1359,-3.0
1360,-2.3333333333333712
1361,-2.3333333333333712
1362,-2.6666666666667425
1363,-2.6666666666667425
1364,-2.3333333333333712
1365,-2.3333333333333712
1366,-2.6666666666667425
1367,-2.6666666666667425
1368,-2.3333333333333712
1369,-2.0
1370,-2.0
1371,-2.3333333333333712
1372,-2.6666666666667425
1373,-2.6666666666667425
1374,-2.6666666666667425
1375,-2.3333333333333712
1376,-2.6666666666667425
1377,-2.6666666666667425
1378,-3.0
1379,-2.6666666666667425
1380,-1.6666666666667425
1381,-1.6666666666667425
1382,-2.0
1383,-3.0
1384,-3.0
1385,-2.6666666666667425
1386,-2.3333333333333712
1387,-2.3333333333333712
1388,-2.6666666666667425
1389,-3.0
1390,-2.6666666666667425
1391,-2.6666666666667425
1392,-2.3333333333333712
1393,-2.6666666666667425
1394,-2.3333333333333712
1395,-2.0
1396,-2.0
1397,-2.0
1398,-2.3333333333333712
1399,-2.0
1400,-2.3333333333333712
1401,-2.3333333333333712
1402,-2.3333333333333712
1403,-2.3333333333333712
1404,-2.3333333333333712
1405,-2.3333333333333712
1406,-2.3333333333333712
1407,-2.3333333333333712
1408,-2.3333333333333712
1409,-2.3333333333333712
1410,-2.0
1411,-2.0
1412,-2.0
1413,-2.3333333333333712
1414,-2.6666666666667425
1415,-2.6666666666667425
1416,-3.0
1417,-3.0
1418,-3.0
1419,-3.0
1420,-3.0
1421,-2.6666666666667425
1422,-2.6666666666667425
1423,-2.3333333333333712
1424,-2.6666666666667425
1425,-3.0
1426,-3.0
1427,-2.6666666666667425
1428,-2.3333333333333712
1429,-2.0
1430,-2.0
1431,-1.6666666666667425
1432,-2.3333333333333712
1433,-2.3333333333333712
1434,-2.3333333333333712
1435,-2.0
1436,-2.0
1437,-2.0
1438,-2.3333333333333712
1439,-2.6666666666667425
1440,-2.6666666666667425
1441,-2.3333333333333712
1442,-2.0
1443,-2.0
1444,-2.6666666666667425
1445,-3.0
1446,-3.0
1447,-2.3333333333333712
1448,-1.0
1449,-0.33333333333337123
1450,0.6666666666666288
1451,0.0
1452,0.6666666666666288
1453,1.0
1454,1.3333333333332575
1455,0.6666666666666288
1456,0.0
1457,0.0
1458,0.33333333333325754
1459,1.0
1460,1.6666666666666288
1461,1.6666666666666288
1462,1.0
1463,0.0
1464,-0.33333333333337123
1465,0.0
1466,1.0
1467,1.6666666666666288
1468,1.0
1469,0.6666666666666288
1470,0.33333333333325754
1471,2.0
1472,2.3333333333332575
1473,1.6666666666666288
1474,0.0
1475,-1.0
1476,-1.0
1477,2.0
1478,2.6666666666666288
1479,4.3333333333332575
1480,2.3333333333332575
1481,3.0
1482,2.3333333333332575
1483,4.0
1484,4.666666666666629
1485,4.666666666666629
1486,1.6666666666666288
1487,-0.6666666666667425
1488,-1.3333333333333712
1489,0.33333333333325754
1490,-3.0
1491,-8.0
1492,-18.0
1493,-23.0
1494,-29.666666666666742
1495,-31.0
1496,-35.33333333333337
1497,-37.33333333333337
1498,-41.0
1499,-42.0
1500,-42.33333333333337
1501,-39.66666666666674
1502,-37.66666666666674
1503,-35.0
1504,-34.66666666666674
1505,-31.0
1506,-28.33333333333337
1507,-22.33333333333337
1508,-19.33333333333337
1509,-14.666666666666742
1510,-13.333333333333371
1511,-7.333333333333371
1512,-4.0
1513,2.6666666666666288
1514,3.6666666666666288
1515,7.3333333333332575
1516,7.3333333333332575
1517,10.333333333333258
1518,10.0
1519,12.333333333333258
1520,12.333333333333258
1521,13.666666666666629
1522,12.333333333333258
1523,12.0
1524,12.0
1525,13.0
1526,14.333333333333258
1527,13.333333333333258
1528,11.333333333333258
1529,8.333333333333258
1530,8.333333333333258
1531,8.0
1532,7.3333333333332575
1533,4.666666666666629
1534,2.3333333333332575
1535,0.33333333333325754
1536,0.0
1537,0.6666666666666288
1538,1.0
1539,0.33333333333325754
1540,-1.0
1541,-1.0
1542,0.0
1543,2.0
1544,3.0
1545,4.666666666666629
1546,3.6666666666666288
1547,3.3333333333332575
1548,2.0
1549,2.6666666666666288
1550,1.3333333333332575
1551,0.33333333333325754
1552,-1.0
1553,-0.33333333333337123
1554,1.3333333333332575
1555,1.3333333333332575
1556,0.6666666666666288
1557,-1.0
1558,-1.3333333333333712
1559,-0.6666666666667425
1560,1.0
1561,1.6666666666666288
1562,1.6666666666666288
1563,0.0
1564,-0.6666666666667425
1565,-0.6666666666667425
1566,1.0
1567,1.6666666666666288
1568,1.6666666666666288
1569,-0.33333333333337123
1570,-1.0
1571,-1.3333333333333712
1572,0.6666666666666288
1573,1.3333333333332575
1574,1.0
1575,1.0
1576,1.6666666666666288
1577,3.0
1578,3.6666666666666288
1579,3.3333333333332575
1580,3.3333333333332575
1581,2.3333333333332575
1582,1.0
1583,-2.3333333333333712
1584,-4.333333333333371
1585,-8.333333333333371
1586,-10.333333333333371
1587,-16.33333333333337
1588,-19.33333333333337
1589,-22.33333333333337
1590,-21.666666666666742
1591,-21.666666666666742
1592,-22.33333333333337
1593,-24.0
1594,-23.0
1595,-22.33333333333337
1596,-19.33333333333337
1597,-18.33333333333337
1598,-16.0
1599,-15.666666666666742
1600,-13.333333333333371
1601,-12.0
1602,-8.333333333333371
1603,-7.0
1604,-4.0
1605,-4.0
1606,-2.3333333333333712
1607,-0.6666666666667425
1608,2.0
1609,3.6666666666666288
1610,4.666666666666629
1611,4.666666666666629
1612,5.3333333333332575
1613,6.0
1614,6.666666666666629
1615,7.0
1616,6.666666666666629
1617,6.3333333333332575
1618,5.666666666666629
1619,5.0
1620,5.3333333333332575
1621,5.0
1622,5.3333333333332575
1623,4.0
1624,4.0
1625,3.0
1626,2.6666666666666288
1627,1.0
1628,0.0
1629,-0.6666666666667425
1630,-1.0
1631,-0.33333333333337123
1632,0.0
1633,-0.33333333333337123
1634,-1.0
1635,-2.0
1636,-1.3333333333333712
1637,0.0
1638,1.0
1639,2.3333333333332575
1640,1.3333333333332575
1641,1.3333333333332575
1642,0.6666666666666288
1643,1.3333333333332575
1644,1.3333333333332575
1645,1.0
1646,-0.33333333333337123
1647,-1.0
1648,-1.3333333333333712
1649,0.0
1650,1.0
1651,1.0
1652,1.0
1653,0.0
1654,0.0
1655,-0.33333333333337123
1656,0.6666666666666288
1657,0.33333333333325754
1658,0.0
1659,-1.3333333333333712
1660,-4.333333333333371
1661,-7.0
1662,-12.0
1663,-16.666666666666742
1664,-22.33333333333337
1665,-26.666666666666742
1666,-28.33333333333337
1667,-29.666666666666742
1668,-29.0
1669,-29.0
1670,-28.33333333333337
1671,-27.33333333333337
1672,-26.0
1673,-24.0
1674,-22.33333333333337
1675,-19.666666666666742
1676,-18.666666666666742
1677,-16.0
1678,-15.0
1679,-11.666666666666742
1680,-10.333333333333371
1681,-7.333333333333371
1682,-6.333333333333371
1683,-4.0
1684,-1.3333333333333712
1685,2.0
1686,4.0
1687,5.0
1688,5.0
1689,5.666666666666629
1690,6.666666666666629
1691,8.0
1692,9.333333333333258
1693,9.0
1694,8.333333333333258
1695,6.666666666666629
1696,6.3333333333332575
1697,6.3333333333332575
1698,6.666666666666629
1699,5.3333333333332575
1700,4.0
1701,2.0
1702,2.0
1703,2.0
1704,2.0
1705,1.0
1706,0.0
1707,-0.6666666666667425
1708,-0.33333333333337123
1709,0.33333333333325754
1710,0.33333333333325754
1711,-0.6666666666667425
1712,-1.6666666666667425
1713,-1.6666666666667425
1714,-1.3333333333333712
1715,-2.0
1716,-1.3333333333333712
1717,-1.6666666666667425
1718,-1.3333333333333712
1719,-2.3333333333333712
1720,-2.0
1721,-1.3333333333333712
1722,-0.6666666666667425
1723,-1.0
1724,-2.0
1725,-2.6666666666667425
1726,-2.3333333333333712
1727,-1.0
1728,-0.33333333333337123
1729,-1.0
1730,-2.0
1731,-2.6666666666667425
1732,-1.6666666666667425
1733,-0.6666666666667425
1734,0.6666666666666288
1735,1.3333333333332575
1736,1.0
1737,0.33333333333325754
1738,0.0
1739,0.6666666666666288
1740,1.3333333333332575
1741,1.3333333333332575
1742,-0.33333333333337123
1743,-1.6666666666667425
1744,-2.3333333333333712
1745,-1.0
1746,0.0
1747,0.0
1748,0.0
1749,-1.0
1750,-1.0
1751,-1.0
1752,-0.33333333333337123
1753,-1.3333333333333712
1754,-2.3333333333333712
1755,-3.0
1756,-1.0
1757,0.0
1758,-0.33333333333337123
1759,-1.3333333333333712
1760,-2.3333333333333712
1761,-2.0
1762,-1.0
1763,-0.6666666666667425
1764,-0.6666666666667425
1765,-1.6666666666667425
1766,-0.6666666666667425
1767,-0.33333333333337123
1768,0.33333333333325754
1769,-0.33333333333337123
1770,-0.33333333333337123
1771,-0.6666666666667425
1772,-1.0
1773,-1.3333333333333712
1774,-1.3333333333333712
1775,-1.3333333333333712
1776,-1.3333333333333712
1777,-1.3333333333333712
1778,-1.3333333333333712
1779,-1.0
1780,-1.0
1781,-0.6666666666667425
1782,-0.33333333333337123
1783,-0.6666666666667425
1784,-1.3333333333333712
1785,-1.0
1786,-1.3333333333333712
1787,-1.0
1788,-1.6666666666667425
1789,-1.3333333333333712
1790,-1.6666666666667425
1791,-2.3333333333333712
1792,-2.6666666666667425
1793,-2.6666666666667425
1794,-2.3333333333333712
1795,-1.6666666666667425
1796,-1.6666666666667425
1797,-1.6666666666667425
1798,-2.0
1799,-2.0
1800,-2.0
1801,-2.6666666666667425
1802,-3.0
1803,-3.3333333333333712
1804,-3.0
1805,-4.0
1806,-3.6666666666667425
1807,-3.6666666666667425
1808,-2.6666666666667425
1809,-3.0
1810,-2.6666666666667425
1811,-2.3333333333333712
1812,-2.0
1813,-2.3333333333333712
1814,-2.3333333333333712
1815,-2.3333333333333712
1816,-2.0
1817,-1.6666666666667425
1818,-1.6666666666667425
1819,-1.6666666666667425
1820,-2.0
1821,-1.3333333333333712
1822,-1.6666666666667425
1823,-1.6666666666667425
1824,-2.3333333333333712
1825,-2.0
1826,-2.0
1827,-2.0
1828,-2.0
1829,-2.3333333333333712
1830,-2.6666666666667425
1831,-3.0
1832,-2.6666666666667425
1833,-2.3333333333333712
1834,-2.0
1835,-2.3333333333333712
1836,-2.3333333333333712
1837,-2.6666666666667425
1838,-2.3333333333333712
1839,-2.6666666666667425
1840,-2.3333333333333712
1841,-2.6666666666667425
1842,-2.3333333333333712
1843,-2.3333333333333712
1844,-2.0
1845,-2.0
1846,-2.0
1847,-2.0
1848,-2.0
1849,-1.6666666666667425
1850,-1.6666666666667425
1851,-1.6666666666667425
1852,-1.6666666666667425
1853,-1.6666666666667425
1854,-1.3333333333333712
1855,-1.6666666666667425
1856,-1.6666666666667425
1857,-2.0
1858,-1.3333333333333712
1859,-1.3333333333333712
1860,-1.3333333333333712
1861,-2.0
1862,-2.0
1863,-1.6666666666667425
1864,-2.0
1865,-2.0
1866,-2.6666666666667425
1867,-2.3333333333333712
1868,-2.3333333333333712
1869,-2.3333333333333712
1870,-2.3333333333333712
1871,-2.6666666666667425
1872,-2.3333333333333712
1873,-1.6666666666667425
1874,-1.0
1875,-1.0
1876,-2.0
1877,-1.3333333333333712
1878,-1.3333333333333712
1879,-1.3333333333333712
1880,-2.3333333333333712
1881,-2.3333333333333712
1882,-2.0
1883,-2.0
1884,-1.6666666666667425
1885,-1.6666666666667425
1886,-1.6666666666667425
1887,-2.0
1888,-2.0
1889,-1.6666666666667425
1890,-1.3333333333333712
1891,-1.3333333333333712
1892,-1.3333333333333712
1893,-1.6666666666667425
1894,-1.6666666666667425
1895,-2.0
1896,-2.0
1897,-1.6666666666667425
1898,-1.6666666666667425
1899,-1.6666666666667425
1900,-2.0
1901,-2.3333333333333712
1902,-2.6666666666667425
1903,-2.6666666666667425
1904,-2.3333333333333712
1905,-2.0
1906,-2.0
1907,-2.0
1908,-2.3333333333333712
1909,-2.3333333333333712
1910,-2.3333333333333712
1911,-2.0
1912,-2.0
1913,-1.6666666666667425
1914,-1.6666666666667425
1915,-2.0
1916,-2.3333333333333712
1917,-2.6666666666667425
1918,-2.6666666666667425
1919,-3.0
1920,-2.6666666666667425
1921,-2.3333333333333712
1922,-2.3333333333333712
1923,-2.3333333333333712
1924,-2.3333333333333712
1925,-1.6666666666667425
1926,-0.6666666666667425
1927,-0.6666666666667425
1928,-0.6666666666667425
1929,-1.6666666666667425
1930,-1.6666666666667425
1931,-2.6666666666667425
1932,-2.6666666666667425
1933,-2.6666666666667425
1934,-2.3333333333333712
1935,-3.0
1936,-3.0
1937,-2.6666666666667425
1938,-2.0
1939,-1.6666666666667425
1940,-2.0
1941,-2.3333333333333712
1942,-2.6666666666667425
1943,-2.6666666666667425
1944,-1.6666666666667425
1945,-0.6666666666667425
1946,-0.33333333333337123
1947,-1.0
1948,-2.0
1949,-2.0
1950,-2.3333333333333712
1951,-2.3333333333333712
1952,-2.0
1953,-1.6666666666667425
1954,-1.6666666666667425
1955,-2.0
1956,-2.0
1957,-2.0
1958,-2.0
1959,-2.3333333333333712
1960,-1.0
1961,-0.33333333333337123
1962,0.6666666666666288
1963,0.6666666666666288
1964,1.3333333333332575
1965,1.6666666666666288
1966,-3.6666666666667425
1967,-9.333333333333371
1968,-20.0
1969,-25.0
1970,-33.33333333333337
1971,-36.33333333333337
1972,-42.0
1973,-44.0
1974,-47.33333333333337
1975,-48.66666666666674
1976,-49.0
1977,-48.0
1978,-46.33333333333337
1979,-46.33333333333337
1980,-43.33333333333337
1981,-41.0
1982,-35.33333333333337
1983,-31.666666666666742
1984,-24.666666666666742
1985,-21.33333333333337
1986,-15.666666666666742
1987,-14.666666666666742
1988,-10.0
1989,-7.333333333333371
1990,0.6666666666666288
1991,4.666666666666629
1992,8.0
1993,8.333333333333258
1994,11.0
1995,14.0
1996,16.333333333333258
1997,17.0
1998,17.333333333333258
1999,16.0
2000,15.666666666666629
2001,15.666666666666629
2002,16.333333333333258
2003,16.333333333333258
2004,15.0
2005,13.333333333333258
2006,11.0
2007,10.0
2008,8.666666666666629
2009,8.666666666666629
2010,6.3333333333332575
2011,5.3333333333332575
2012,2.3333333333332575
2013,2.0
2014,1.3333333333332575
2015,2.6666666666666288
2016,2.3333333333332575
2017,1.6666666666666288
2018,0.33333333333325754
2019,0.33333333333325754
2020,1.6666666666666288
2021,2.6666666666666288
2022,4.0
2023,3.3333333333332575
2024,3.3333333333332575
2025,3.0
2026,4.0
2027,4.666666666666629
2028,4.666666666666629
2029,3.3333333333332575
2030,1.6666666666666288
2031,1.0
2032,1.3333333333332575
2033,2.3333333333332575
2034,2.0
2035,0.6666666666666288
2036,-0.33333333333337123
2037,0.0
2038,1.6666666666666288
2039,2.6666666666666288
2040,1.0
2041,0.0
2042,-1.0
2043,-5.6666666666667425
2044,-10.666666666666742
2045,-21.33333333333337
2046,-28.33333333333337
2047,-38.0
2048,-43.66666666666674
2049,-49.0
2050,-52.0
2051,-54.0
2052,-55.0
2053,-55.33333333333337
2054,-54.0
2055,-51.0
2056,-49.33333333333337
2057,-45.33333333333337
2058,-43.33333333333337
2059,-38.0
2060,-35.66666666666674
2061,-29.666666666666742
2062,-26.33333333333337
2063,-18.666666666666742
2064,-15.333333333333371
2065,-10.0
2066,-8.666666666666742
2067,-3.0
2068,0.6666666666666288
2069,6.0
2070,7.3333333333332575
2071,10.0
2072,11.0
2073,15.0
2074,17.0
2075,19.0
2076,19.333333333333258
2077,19.0
2078,18.333333333333258
2079,18.0
2080,18.333333333333258
2081,18.0
2082,17.0
2083,14.0
2084,12.0
2085,9.666666666666629
2086,11.333333333333258
2087,10.666666666666629
2088,10.0
2089,7.666666666666629
2090,6.3333333333332575
2091,5.0
2092,4.0
2093,3.6666666666666288
2094,3.0
2095,1.6666666666666288
2096,0.33333333333325754
2097,0.33333333333325754
2098,0.33333333333325754
2099,1.0
2100,1.0
2101,2.0
2102,1.3333333333332575
2103,2.3333333333332575
2104,2.0
2105,3.6666666666666288
2106,2.6666666666666288
2107,2.3333333333332575
2108,0.6666666666666288
2109,0.6666666666666288
2110,1.0
2111,2.3333333333332575
2112,2.3333333333332575
2113,1.3333333333332575
2114,0.0
2115,0.0
2116,1.0
2117,2.0
2118,3.3333333333332575
2119,2.3333333333332575
2120,-4.333333333333371
2121,-11.333333333333371
2122,-22.33333333333337
2123,-28.0
2124,-38.33333333333337
2125,-43.33333333333337
2126,-51.0
2127,-53.66666666666674
2128,-57.0
2129,-57.33333333333337
2130,-58.33333333333337
2131,-57.0
2132,-55.33333333333337
2133,-53.33333333333337
2134,-49.66666666666674
2135,-46.66666666666674
2136,-41.0
2137,-37.66666666666674
2138,-30.666666666666742
2139,-27.33333333333337
2140,-21.0
2141,-18.0
2142,-11.666666666666742
2143,-8.666666666666742
2144,-2.6666666666667425
2145,-0.33333333333337123
2146,5.3333333333332575
2147,7.666666666666629
2148,12.0
2149,12.333333333333258
2150,15.0
2151,16.0
2152,19.333333333333258
2153,20.0
2154,21.0
2155,20.333333333333258
2156,18.66666666666663
2157,17.0
2158,15.666666666666629
2159,15.666666666666629
2160,13.666666666666629
2161,12.333333333333258
2162,9.333333333333258
2163,9.333333333333258
2164,6.3333333333332575
2165,4.3333333333332575
2166,1.3333333333332575
2167,0.33333333333325754
2168,1.0
2169,1.3333333333332575
2170,1.6666666666666288
2171,1.3333333333332575
2172,1.0
2173,1.0
2174,1.3333333333332575
2175,1.3333333333332575
2176,1.3333333333332575
2177,1.0
2178,1.3333333333332575
2179,0.33333333333325754
2180,-0.33333333333337123
2181,-0.6666666666667425
2182,1.6666666666666288
2183,2.6666666666666288
2184,3.0
2185,1.3333333333332575
2186,0.33333333333325754
2187,0.0
2188,0.33333333333325754
2189,0.6666666666666288
2190,0.33333333333325754
2191,-1.0
2192,-6.333333333333371
2193,-11.0
2194,-19.33333333333337
2195,-22.666666666666742
2196,-30.33333333333337
2197,-34.33333333333337
2198,-40.66666666666674
2199,-43.0
2200,-45.0
2201,-44.66666666666674
2202,-44.66666666666674
2203,-45.0
2204,-44.33333333333337
2205,-43.0
2206,-38.0
2207,-35.33333333333337
2208,-31.0
2209,-30.33333333333337
2210,-25.33333333333337
2211,-22.33333333333337
2212,-16.0
2213,-11.0
2214,-5.333333333333371
2215,-0.33333333333337123
2216,2.3333333333332575
2217,6.666666666666629
2218,9.0
2219,12.666666666666629
2220,13.333333333333258
2221,13.0
2222,12.0
2223,12.666666666666629
2224,14.666666666666629
2225,15.666666666666629
2226,15.0
2227,14.0
2228,12.666666666666629
2229,12.333333333333258
2230,12.333333333333258
2231,12.0
2232,11.0
2233,9.666666666666629
2234,7.666666666666629
2235,6.0
2236,4.0
2237,3.3333333333332575
2238,2.3333333333332575
2239,0.33333333333325754
2240,-1.0
2241,-1.0
2242,0.33333333333325754
2243,1.6666666666666288
2244,1.6666666666666288
2245,0.6666666666666288
2246,1.6666666666666288
2247,2.3333333333332575
2248,4.3333333333332575
2249,4.0
2250,5.666666666666629
2251,6.3333333333332575
2252,5.3333333333332575
2253,1.3333333333332575
2254,-1.6666666666667425
2255,-0.33333333333337123
2256,0.0
2257,0.6666666666666288
2258,0.6666666666666288
2259,1.0
2260,1.0
2261,0.33333333333325754
2262,2.0
2263,1.3333333333332575
2264,0.6666666666666288
2265,0.0
2266,1.6666666666666288
2267,1.6666666666666288
2268,2.3333333333332575
2269,2.0
2270,2.3333333333332575
2271,1.3333333333332575
2272,0.6666666666666288
2273,-0.6666666666667425
2274,-1.3333333333333712
2275,-0.33333333333337123
2276,1.6666666666666288
2277,4.0
2278,5.0
2279,3.0
2280,0.6666666666666288
2281,-0.33333333333337123
2282,0.6666666666666288
2283,1.6666666666666288
2284,1.6666666666666288
2285,0.6666666666666288
2286,-0.33333333333337123
2287,-1.3333333333333712
2288,-1.3333333333333712
2289,-1.6666666666667425
2290,-1.3333333333333712
2291,-0.33333333333337123
2292,0.0
2293,0.0
2294,-0.6666666666667425
2295,-1.0
2296,-1.0
2297,-1.0
2298,-0.6666666666667425
2299,-1.0
2300,-1.0
2301,-1.3333333333333712
2302,-1.6666666666667425
2303,-1.6666666666667425
2304,-1.3333333333333712
2305,-1.0
2306,-1.0
2307,-1.3333333333333712
2308,-1.3333333333333712
2309,-1.0
2310,-0.33333333333337123
2311,-0.33333333333337123
2312,-0.33333333333337123
2313,-0.6666666666667425
2314,-0.6666666666667425
2315,-1.0
2316,-1.0
2317,-1.0
2318,-1.0
2319,-1.0
2320,-1.0
2321,-1.0
2322,-0.6666666666667425
2323,-1.0
2324,-1.0
2325,-2.3333333333333712
2326,-2.3333333333333712
2327,-2.3333333333333712
2328,-1.0
2329,-0.6666666666667425
2330,-0.6666666666667425
2331,-0.6666666666667425
2332,-0.6666666666667425
2333,-0.6666666666667425
2334,-1.3333333333333712
2335,-1.3333333333333712
2336,-1.3333333333333712
2337,-1.3333333333333712
2338,-1.0
2339,-1.0
2340,-1.0
2341,-1.3333333333333712
2342,-1.3333333333333712
2343,-1.0
2344,-2.0
2345,-2.0
2346,-2.3333333333333712
2347,-1.3333333333333712
2348,-1.3333333333333712
2349,-1.0
2350,-1.0
2351,-1.3333333333333712
2352,-1.3333333333333712
2353,-1.3333333333333712
2354,-1.3333333333333712
2355,-1.6666666666667425
2356,-1.6666666666667425
2357,-1.3333333333333712
2358,-1.6666666666667425
2359,-2.0
2360,-2.3333333333333712
2361,-2.0
2362,-2.0
2363,-2.0
2364,-2.0
2365,-2.0
2366,-2.0
2367,-2.0
2368,-2.0
2369,-2.0
2370,-2.0
2371,-2.3333333333333712
2372,-2.3333333333333712
2373,-2.3333333333333712
2374,-2.0
2375,-2.0
2376,-2.6666666666667425
2377,-3.0
2378,-3.3333333333333712
2379,-2.6666666666667425
2380,-2.3333333333333712
2381,-2.3333333333333712
2382,-2.6666666666667425
2383,-3.0
2384,-2.6666666666667425
2385,-2.3333333333333712
2386,-2.0
2387,-2.3333333333333712
2388,-2.6666666666667425
2389,-2.6666666666667425
2390,-2.6666666666667425
2391,-2.6666666666667425
2392,-2.6666666666667425
2393,-2.3333333333333712
2394,-2.0
2395,-2.0
2396,-2.0
2397,-2.3333333333333712
2398,-2.6666666666667425
2399,-3.0
2400,-3.0
2401,-3.0
2402,-2.6666666666667425
2403,-2.6666666666667425
2404,-2.3333333333333712
2405,-2.3333333333333712
2406,-2.3333333333333712
2407,-2.3333333333333712
2408,-2.6666666666667425
2409,-2.6666666666667425
2410,-3.0
2411,-2.6666666666667425
2412,-2.3333333333333712
2413,-2.3333333333333712
2414,-2.3333333333333712
2415,-2.6666666666667425
2416,-3.0
2417,-3.3333333333333712
2418,-3.0
2419,-2.6666666666667425
2420,-1.6666666666667425
2421,-2.0
2422,-2.0
2423,-3.0
2424,-2.6666666666667425
2425,-2.6666666666667425
2426,-2.3333333333333712
2427,-2.3333333333333712
2428,-2.3333333333333712
2429,-2.3333333333333712
2430,-2.6666666666667425
2431,-2.3333333333333712
2432,-2.3333333333333712
2433,-2.3333333333333712
2434,-2.3333333333333712
2435,-2.6666666666667425
2436,-2.3333333333333712
2437,-2.6666666666667425
2438,-2.6666666666667425
2439,-3.0
2440,-3.0
2441,-3.0
2442,-2.3333333333333712
2443,-2.0
2444,-1.6666666666667425
2445,-2.3333333333333712
2446,-2.6666666666667425
2447,-2.6666666666667425
2448,-2.6666666666667425
2449,-2.6666666666667425
2450,-2.6666666666667425
2451,-2.6666666666667425
2452,-2.3333333333333712
2453,-2.3333333333333712
2454,-2.6666666666667425
2455,-3.0
2456,-3.3333333333333712
2457,-3.0
2458,-3.0
2459,-2.6666666666667425
2460,-2.6666666666667425
2461,-2.6666666666667425
2462,-2.6666666666667425
2463,-2.3333333333333712
2464,-2.0
2465,-2.0
2466,-2.0
2467,-2.0
2468,-2.3333333333333712
2469,-2.6666666666667425
2470,-3.0
2471,-2.3333333333333712
2472,-1.3333333333333712
2473,-0.33333333333337123
2474,0.0
2475,0.33333333333325754
2476,0.6666666666666288
2477,0.6666666666666288
2478,0.33333333333325754
2479,0.0
2480,-0.6666666666667425
2481,-0.6666666666667425
2482,-0.33333333333337123
2483,1.6666666666666288
2484,4.0
2485,4.3333333333332575
2486,4.0
2487,0.6666666666666288
2488,0.33333333333325754
2489,0.0
2490,0.33333333333325754
2491,-0.33333333333337123
2492,-1.6666666666667425
2493,-1.3333333333333712
2494,-1.3333333333333712
2495,0.33333333333325754
2496,0.0
2497,0.0
2498,-1.3333333333333712
2499,-1.0
2500,0.0
2501,3.6666666666666288
2502,5.0
2503,5.0
2504,2.3333333333332575
2505,2.0
2506,3.6666666666666288
2507,5.3333333333332575
2508,4.0
2509,1.3333333333332575
2510,-0.6666666666667425
2511,-0.33333333333337123
2512,0.6666666666666288
2513,0.6666666666666288
2514,0.6666666666666288
2515,-0.33333333333337123
2516,-1.0
2517,-0.6666666666667425
2518,0.6666666666666288
2519,1.3333333333332575
2520,1.0
2521,-0.33333333333337123
2522,-0.33333333333337123
2523,-0.33333333333337123
2524,1.3333333333332575
2525,1.0
2526,0.6666666666666288
2527,-0.6666666666667425
2528,-1.0
2529,-0.33333333333337123
2530,1.0
2531,1.0
2532,0.6666666666666288
2533,1.0
2534,2.0
2535,3.0
2536,3.0
2537,5.0
2538,5.0
2539,4.0
2540,0.6666666666666288
2541,-0.33333333333337123
2542,-1.3333333333333712
2543,1.3333333333332575
2544,1.0
2545,1.6666666666666288
2546,-0.6666666666667425
2547,-0.33333333333337123
2548,0.6666666666666288
2549,1.0
2550,0.6666666666666288
2551,-1.0
2552,-0.6666666666667425
2553,-0.33333333333337123
2554,0.33333333333325754
2555,0.33333333333325754
2556,0.33333333333325754
2557,-0.33333333333337123
2558,-1.0
2559,-1.0
2560,-0.33333333333337123
2561,2.0
2562,2.0
2563,1.3333333333332575
2564,-1.0
2565,1.0
2566,2.0
2567,4.3333333333332575
2568,3.3333333333332575
2569,3.3333333333332575
2570,2.0
2571,2.3333333333332575
2572,1.0
2573,2.0
2574,0.33333333333325754
2575,0.6666666666666288
2576,-1.6666666666667425
2577,-1.3333333333333712
2578,-1.3333333333333712
2579,1.0
2580,0.6666666666666288
2581,1.0
2582,-1.0
2583,-0.33333333333337123
2584,0.0
2585,0.0
2586,0.6666666666666288
2587,-0.33333333333337123
2588,-0.6666666666667425
2589,-1.6666666666667425
2590,-0.6666666666667425
2591,-0.33333333333337123
2592,-0.33333333333337123
2593,-0.6666666666667425
2594,0.33333333333325754
2595,1.3333333333332575
2596,1.6666666666666288
2597,2.6666666666666288
2598,3.0
2599,3.3333333333332575
2600,3.0
2601,4.0
2602,4.0
2603,3.3333333333332575
2604,1.0
2605,0.33333333333325754
2606,-0.33333333333337123
2607,1.3333333333332575
2608,1.3333333333332575
2609,1.0
2610,-0.33333333333337123
2611,-0.33333333333337123
2612,0.33333333333325754
2613,2.0
2614,2.0
2615,1.3333333333332575
2616,0.0
2617,0.0
2618,0.0
2619,0.0
2620,0.33333333333325754
2621,1.0
2622,0.33333333333325754
2623,0.0
2624,-0.6666666666667425
2625,-0.33333333333337123
2626,0.0
2627,0.33333333333325754
2628,0.33333333333325754
2629,0.33333333333325754
2630,0.33333333333325754
2631,0.33333333333325754
2632,1.3333333333332575
2633,2.0
2634,1.6666666666666288
2635,0.6666666666666288
2636,0.0
2637,-0.33333333333337123
2638,-0.33333333333337123
2639,-1.0
2640,-1.0
2641,-1.6666666666667425
2642,-0.6666666666667425
2643,-0.33333333333337123
2644,0.33333333333325754
2645,-0.33333333333337123
2646,-1.0
2647,-2.0
2648,-1.6666666666667425
2649,-1.3333333333333712
2650,0.0
2651,0.6666666666666288
2652,0.6666666666666288
2653,-0.6666666666667425
2654,-2.0
2655,-2.0
2656,-1.3333333333333712
2657,-0.33333333333337123
2658,0.0
2659,-0.33333333333337123
2660,-1.3333333333333712
2661,-1.0
2662,-0.33333333333337123
2663,1.3333333333332575
2664,1.3333333333332575
2665,0.6666666666666288
2666,-0.6666666666667425
2667,-0.6666666666667425
2668,0.0
2669,0.6666666666666288
2670,-0.33333333333337123
2671,-1.0
2672,-2.0
2673,-1.3333333333333712
2674,-0.6666666666667425
2675,0.0
2676,-0.33333333333337123
2677,-1.3333333333333712
2678,-2.0
2679,-2.0
2680,-0.33333333333337123
2681,0.0
2682,0.0
2683,-1.3333333333333712
2684,-1.3333333333333712
2685,-1.0
2686,0.0
2687,0.33333333333325754
2688,0.0
2689,-1.0
2690,-1.3333333333333712
2691,-1.0
2692,0.0
2693,1.3333333333332575
2694,1.3333333333332575
2695,0.33333333333325754
2696,-0.6666666666667425
2697,-0.6666666666667425
2698,0.33333333333325754
2699,1.6666666666666288
2700,0.6666666666666288
2701,-0.33333333333337123
2702,-0.33333333333337123
2703,0.6666666666666288
2704,1.0
2705,-0.6666666666667425
2706,0.0
2707,-0.6666666666667425
2708,-1.0
2709,-2.0
2710,-1.0
2711,0.0
2712,0.33333333333325754
2713,-0.6666666666667425
2714,-1.6666666666667425
2715,-2.0
2716,-1.0
2717,-0.33333333333337123
2718,-0.6666666666667425
2719,-1.3333333333333712
2720,-2.3333333333333712
2721,-2.0
2722,-1.3333333333333712
2723,-0.33333333333337123
2724,-1.0
2725,-1.3333333333333712
2726,-1.6666666666667425
2727,-0.6666666666667425
2728,-0.33333333333337123
2729,-0.33333333333337123
2730,-0.33333333333337123
2731,-1.0
2732,-1.6666666666667425
2733,-1.6666666666667425
2734,-2.0
2735,-1.0
2736,-1.0
2737,-1.3333333333333712
2738,-1.3333333333333712
2739,-2.0
2740,-0.33333333333337123
2741,-0.33333333333337123
2742,-0.33333333333337123
2743,-1.6666666666667425
2744,-2.3333333333333712
2745,-2.0
2746,-1.0
2747,-0.6666666666667425
2748,-0.6666666666667425
2749,-1.3333333333333712
2750,-2.0
2751,-2.3333333333333712
2752,-2.0
2753,-1.0
2754,-1.0
2755,-2.0
2756,-2.6666666666667425
2757,-2.3333333333333712
2758,-1.3333333333333712
2759,-0.33333333333337123
2760,0.0
2761,-0.6666666666667425
2762,-1.6666666666667425
2763,-1.6666666666667425
2764,-1.3333333333333712
2765,-0.6666666666667425
2766,-1.0
2767,-1.0
2768,-1.6666666666667425
2769,-1.6666666666667425
2770,-0.6666666666667425
2771,0.0
2772,0.0
2773,-1.3333333333333712
2774,-2.0
2775,-2.0
